RECORD_NO,GAME,OPEN,OPEN_SIZE_ABS,3BET,3BET_SIZE_ABS,4BET,4BET_RANGE,4BET_SIZE_ABS
1,CASH 100bb,UTG,2.0,UTG+1,6.5,LJ,0.029,14.0
2,CASH 100bb,UTG,2.0,UTG+1,6.5,HJ,0.029,14.0
3,CASH 100bb,UTG,2.0,UTG+1,6.5,CO,0.028,14.0
4,CASH 100bb,UTG,2.0,UTG+1,6.5,BTN,0.027,14.0
5,CASH 100bb,UTG,2.0,UTG+1,6.5,SB,0.025,20.0
6,CASH 100bb,UTG,2.0,UTG+1,6.5,BB,0.026,19.0
7,CASH 100bb,UTG,2.0,LJ,6.5,HJ,0.029,14.0
8,CASH 100bb,UTG,2.0,LJ,6.5,CO,0.029,14.0
9,CASH 100bb,UTG,2.0,LJ,6.5,BTN,0.027,14.0
10,CASH 100bb,UTG,2.0,LJ,6.5,SB,0.025,20.0
11,CASH 100bb,UTG,2.0,LJ,6.5,BB,0.026,19.0
12,CASH 100bb,UTG,2.0,HJ,6.5,CO,0.029,14.0
13,CASH 100bb,UTG,2.0,HJ,6.5,BTN,0.028,14.0
14,CASH 100bb,UTG,2.0,HJ,6.5,SB,0.025,20.0
15,CASH 100bb,UTG,2.0,HJ,6.5,BB,0.026,19.0
16,CASH 100bb,UTG,2.0,CO,6.5,BTN,0.029,13.0
17,CASH 100bb,UTG,2.0,CO,6.5,SB,0.026,18.0
18,CASH 100bb,UTG,2.0,CO,6.5,BB,0.026,18.0
19,CASH 100bb,UTG,2.0,BTN,7.5,SB,0.025,20.0
20,CASH 100bb,UTG,2.0,BTN,7.5,BB,0.025,20.0
21,CASH 100bb,UTG,2.0,SB,10.0,BB,0.023,20.0
22,CASH 100bb,UTG+1,2.0,LJ,6.5,HJ,0.029,14.0
23,CASH 100bb,UTG+1,2.0,LJ,6.5,CO,0.029,14.0
24,CASH 100bb,UTG+1,2.0,LJ,6.5,BTN,0.029,14.0
25,CASH 100bb,UTG+1,2.0,LJ,6.5,SB,0.026,20.0
26,CASH 100bb,UTG+1,2.0,LJ,6.5,BB,0.027,19.0
27,CASH 100bb,UTG+1,2.0,HJ,6.5,CO,0.030,14.0
28,CASH 100bb,UTG+1,2.0,HJ,6.5,BTN,0.031,14.0
29,CASH 100bb,UTG+1,2.0,HJ,6.5,SB,0.026,20.0
30,CASH 100bb,UTG+1,2.0,HJ,6.5,BB,0.027,19.0
31,CASH 100bb,UTG+1,2.0,CO,6.5,BTN,0.034,13.0
32,CASH 100bb,UTG+1,2.0,CO,6.5,SB,0.027,18.0
33,CASH 100bb,UTG+1,2.0,CO,6.5,BB,0.029,18.0
34,CASH 100bb,UTG+1,2.0,BTN,7.5,SB,0.025,20.0
35,CASH 100bb,UTG+1,2.0,BTN,7.5,BB,0.026,20.0
36,CASH 100bb,UTG+1,2.0,SB,10.0,BB,0.024,20.0
37,CASH 100bb,LJ,2.0,HJ,6.5,CO,0.035,14.0
38,CASH 100bb,LJ,2.0,HJ,6.5,BTN,0.036,14.0
39,CASH 100bb,LJ,2.0,HJ,6.5,SB,0.031,20.0
40,CASH 100bb,LJ,2.0,HJ,6.5,BB,0.032,19.0
41,CASH 100bb,LJ,2.0,CO,6.5,BTN,0.038,13.0
42,CASH 100bb,LJ,2.0,CO,6.5,SB,0.032,18.0
43,CASH 100bb,LJ,2.0,CO,6.5,BB,0.034,18.0
44,CASH 100bb,LJ,2.0,BTN,7.5,SB,0.030,20.0
45,CASH 100bb,LJ,2.0,BTN,7.5,BB,0.032,20.0
46,CASH 100bb,LJ,2.0,SB,10.0,BB,0.027,20.0
47,CASH 100bb,HJ,2.0,CO,6.5,BTN,0.047,13.1
48,CASH 100bb,HJ,2.0,CO,6.5,SB,0.038,17.5
49,CASH 100bb,HJ,2.0,CO,6.5,BB,0.041,17.5
50,CASH 100bb,HJ,2.0,BTN,7.5,SB,0.037,21.0
51,CASH 100bb,HJ,2.0,BTN,7.5,BB,0.039,21.0
52,CASH 100bb,HJ,2.0,SB,11.0,BB,0.035,23.0
53,CASH 100bb,CO,2.3,BTN,7.5,SB,0.051,21.0
54,CASH 100bb,CO,2.3,BTN,7.5,BB,0.056,20.0
55,CASH 100bb,CO,2.3,SB,11.5,BB,0.046,25.0
56,CASH 100bb,BTN,2.5,SB,12.0,BB,0.062,23.0
57,MTT ChipEV 80bb,UTG,2.3,UTG+1,8.0,LJ,0.027,15.9
58,MTT ChipEV 80bb,UTG,2.3,UTG+1,8.0,HJ,0.028,15.9
59,MTT ChipEV 80bb,UTG,2.3,UTG+1,8.0,CO,0.031,15.9
60,MTT ChipEV 80bb,UTG,2.3,UTG+1,8.0,BTN,0.031,15.9
61,MTT ChipEV 80bb,UTG,2.3,UTG+1,8.0,SB,0.031,21.3
62,MTT ChipEV 80bb,UTG,2.3,UTG+1,8.0,BB,0.033,21.0
63,MTT ChipEV 80bb,UTG,2.3,LJ,8.0,HJ,0.028,15.9
64,MTT ChipEV 80bb,UTG,2.3,LJ,8.0,CO,0.031,15.9
65,MTT ChipEV 80bb,UTG,2.3,LJ,8.0,BTN,0.032,15.9
66,MTT ChipEV 80bb,UTG,2.3,LJ,8.0,SB,0.031,21.3
67,MTT ChipEV 80bb,UTG,2.3,LJ,8.0,BB,0.033,21.2
68,MTT ChipEV 80bb,UTG,2.3,HJ,8.0,CO,0.031,16.9
69,MTT ChipEV 80bb,UTG,2.3,HJ,8.0,BTN,0.032,16.9
70,MTT ChipEV 80bb,UTG,2.3,HJ,8.0,SB,0.031,21.6
71,MTT ChipEV 80bb,UTG,2.3,HJ,8.0,BB,0.033,21.4
72,MTT ChipEV 80bb,UTG,2.3,CO,8.0,BTN,0.031,17.9
73,MTT ChipEV 80bb,UTG,2.3,CO,8.0,SB,0.031,21.3
74,MTT ChipEV 80bb,UTG,2.3,CO,8.0,BB,0.033,21.0
75,MTT ChipEV 80bb,UTG,2.3,BTN,8.0,SB,0.030,21.3
76,MTT ChipEV 80bb,UTG,2.3,BTN,8.0,BB,0.032,21.2
77,MTT ChipEV 80bb,UTG,2.3,SB,10.0,BB,0.032,21.9
78,MTT ChipEV 80bb,UTG+1,2.3,LJ,8.0,HJ,0.033,15.9
79,MTT ChipEV 80bb,UTG+1,2.3,LJ,8.0,CO,0.034,15.9
80,MTT ChipEV 80bb,UTG+1,2.3,LJ,8.0,BTN,0.035,15.9
81,MTT ChipEV 80bb,UTG+1,2.3,LJ,8.0,SB,0.035,21.3
82,MTT ChipEV 80bb,UTG+1,2.3,LJ,8.0,BB,0.037,21.2
83,MTT ChipEV 80bb,UTG+1,2.3,HJ,8.0,CO,0.035,16.9
84,MTT ChipEV 80bb,UTG+1,2.3,HJ,8.0,BTN,0.036,16.9
85,MTT ChipEV 80bb,UTG+1,2.3,HJ,8.0,SB,0.035,21.6
86,MTT ChipEV 80bb,UTG+1,2.3,HJ,8.0,BB,0.037,21.4
87,MTT ChipEV 80bb,UTG+1,2.3,CO,8.0,BTN,0.037,17.9
88,MTT ChipEV 80bb,UTG+1,2.3,CO,8.0,SB,0.036,21.1
89,MTT ChipEV 80bb,UTG+1,2.3,CO,8.0,BB,0.037,21.0
90,MTT ChipEV 80bb,UTG+1,2.3,BTN,8.0,SB,0.035,21.3
91,MTT ChipEV 80bb,UTG+1,2.3,BTN,8.0,BB,0.037,21.2
92,MTT ChipEV 80bb,UTG+1,2.3,SB,10.0,BB,0.035,21.9
93,MTT ChipEV 80bb,LJ,2.3,HJ,8.0,CO,0.039,18.0
94,MTT ChipEV 80bb,LJ,2.3,HJ,8.0,BTN,0.039,18.0
95,MTT ChipEV 80bb,LJ,2.3,HJ,8.0,SB,0.038,20.0
96,MTT ChipEV 80bb,LJ,2.3,HJ,8.0,BB,0.042,20.0
97,MTT ChipEV 80bb,LJ,2.3,CO,8.0,BTN,0.039,18.0
98,MTT ChipEV 80bb,LJ,2.3,CO,8.0,SB,0.038,21.0
99,MTT ChipEV 80bb,LJ,2.3,CO,8.0,BB,0.043,21.0
100,MTT ChipEV 80bb,LJ,2.3,BTN,8.0,SB,0.038,21.0
101,MTT ChipEV 80bb,LJ,2.3,BTN,8.0,BB,0.042,21.0
102,MTT ChipEV 80bb,LJ,2.3,SB,10.3,BB,0.041,22.0
103,MTT ChipEV 80bb,HJ,2.3,CO,8.0,BTN,0.044,20.6
104,MTT ChipEV 80bb,HJ,2.3,CO,8.0,SB,0.044,22.2
105,MTT ChipEV 80bb,HJ,2.3,CO,8.0,BB,0.047,22.2
106,MTT ChipEV 80bb,HJ,2.3,BTN,8.0,SB,0.045,20.9
107,MTT ChipEV 80bb,HJ,2.3,BTN,8.0,BB,0.049,20.8
108,MTT ChipEV 80bb,HJ,2.3,SB,10.3,BB,0.044,22.0
109,MTT ChipEV 80bb,CO,2.3,BTN,8.0,SB,0.056,21.0
110,MTT ChipEV 80bb,CO,2.3,BTN,8.0,BB,0.062,21.0
111,MTT ChipEV 80bb,CO,2.3,SB,10.3,BB,0.050,22.0
112,MTT ChipEV 80bb,BTN,2.3,SB,10.3,BB,0.064,22.0
113,MTT ICM (50% left) 35bb,UTG,2.0,UTG+1,5.0,LJ,0.034,10.0
114,MTT ICM (50% left) 35bb,UTG,2.0,UTG+1,5.0,HJ,0.035,10.0
115,MTT ICM (50% left) 35bb,UTG,2.0,UTG+1,5.0,CO,0.036,10.0
116,MTT ICM (50% left) 35bb,UTG,2.0,UTG+1,5.0,BTN,0.036,10.0
117,MTT ICM (50% left) 35bb,UTG,2.0,UTG+1,5.0,SB,0.038,10.0
118,MTT ICM (50% left) 35bb,UTG,2.0,UTG+1,5.0,BB,0.040,10.0
119,MTT ICM (50% left) 35bb,UTG,2.0,LJ,5.5,HJ,0.034,11.0
120,MTT ICM (50% left) 35bb,UTG,2.0,LJ,5.5,CO,0.035,11.0
121,MTT ICM (50% left) 35bb,UTG,2.0,LJ,5.5,BTN,0.036,11.0
122,MTT ICM (50% left) 35bb,UTG,2.0,LJ,5.5,SB,0.038,11.0
123,MTT ICM (50% left) 35bb,UTG,2.0,LJ,5.5,BB,0.040,11.0
124,MTT ICM (50% left) 35bb,UTG,2.0,HJ,5.5,CO,0.035,11.0
125,MTT ICM (50% left) 35bb,UTG,2.0,HJ,5.5,BTN,0.035,11.0
126,MTT ICM (50% left) 35bb,UTG,2.0,HJ,5.5,SB,0.038,11.0
127,MTT ICM (50% left) 35bb,UTG,2.0,HJ,5.5,BB,0.039,11.0
128,MTT ICM (50% left) 35bb,UTG,2.0,CO,6.0,BTN,0.036,12.0
129,MTT ICM (50% left) 35bb,UTG,2.0,CO,6.0,SB,0.037,12.0
130,MTT ICM (50% left) 35bb,UTG,2.0,CO,6.0,BB,0.039,12.0
131,MTT ICM (50% left) 35bb,UTG,2.0,BTN,6.0,SB,0.039,12.0
132,MTT ICM (50% left) 35bb,UTG,2.0,BTN,6.0,BB,0.038,12.0
133,MTT ICM (50% left) 35bb,UTG,2.0,SB,7.0,BB,0.036,14.0
134,MTT ICM (50% left) 35bb,UTG+1,2.0,LJ,5.5,HJ,0.038,11.0
135,MTT ICM (50% left) 35bb,UTG+1,2.0,LJ,5.5,CO,0.039,11.0
136,MTT ICM (50% left) 35bb,UTG+1,2.0,LJ,5.5,BTN,0.039,11.0
137,MTT ICM (50% left) 35bb,UTG+1,2.0,LJ,5.5,SB,0.039,11.0
138,MTT ICM (50% left) 35bb,UTG+1,2.0,LJ,5.5,BB,0.041,11.0
139,MTT ICM (50% left) 35bb,UTG+1,2.0,HJ,5.5,CO,0.039,11.0
140,MTT ICM (50% left) 35bb,UTG+1,2.0,HJ,5.5,BTN,0.039,11.0
141,MTT ICM (50% left) 35bb,UTG+1,2.0,HJ,5.5,SB,0.039,11.0
142,MTT ICM (50% left) 35bb,UTG+1,2.0,HJ,5.5,BB,0.041,11.0
143,MTT ICM (50% left) 35bb,UTG+1,2.0,CO,6.0,BTN,0.038,12.0
144,MTT ICM (50% left) 35bb,UTG+1,2.0,CO,6.0,SB,0.039,12.0
145,MTT ICM (50% left) 35bb,UTG+1,2.0,CO,6.0,BB,0.041,12.0
146,MTT ICM (50% left) 35bb,UTG+1,2.0,BTN,6.0,SB,0.039,12.0
147,MTT ICM (50% left) 35bb,UTG+1,2.0,BTN,6.0,BB,0.042,12.0
148,MTT ICM (50% left) 35bb,UTG+1,2.0,SB,7.0,BB,0.040,14.0
149,MTT ICM (50% left) 35bb,LJ,2.0,HJ,5.5,CO,0.042,11.0
150,MTT ICM (50% left) 35bb,LJ,2.0,HJ,5.5,BTN,0.042,11.0
151,MTT ICM (50% left) 35bb,LJ,2.0,HJ,5.5,SB,0.047,11.0
152,MTT ICM (50% left) 35bb,LJ,2.0,HJ,5.5,BB,0.049,11.0
153,MTT ICM (50% left) 35bb,LJ,2.0,CO,6.0,BTN,0.042,12.0
154,MTT ICM (50% left) 35bb,LJ,2.0,CO,6.0,SB,0.047,12.0
155,MTT ICM (50% left) 35bb,LJ,2.0,CO,6.0,BB,0.051,12.0
156,MTT ICM (50% left) 35bb,LJ,2.0,BTN,6.0,SB,0.047,12.0
157,MTT ICM (50% left) 35bb,LJ,2.0,BTN,6.0,BB,0.051,12.0
158,MTT ICM (50% left) 35bb,LJ,2.0,SB,7.0,BB,0.048,14.0
159,MTT ICM (50% left) 35bb,HJ,2.0,CO,6.0,BTN,0.051,12.0
160,MTT ICM (50% left) 35bb,HJ,2.0,CO,6.0,SB,0.054,12.0
161,MTT ICM (50% left) 35bb,HJ,2.0,CO,6.0,BB,0.059,12.0
162,MTT ICM (50% left) 35bb,HJ,2.0,BTN,6.0,SB,0.053,12.0
163,MTT ICM (50% left) 35bb,HJ,2.0,BTN,6.0,BB,0.059,12.0
164,MTT ICM (50% left) 35bb,HJ,2.0,SB,7.0,BB,0.059,14.0
165,MTT ICM (50% left) 35bb,CO,2.0,BTN,6.0,SB,0.066,12.0
166,MTT ICM (50% left) 35bb,CO,2.0,BTN,6.0,BB,0.074,12.0
167,MTT ICM (50% left) 35bb,CO,2.0,SB,6.5,BB,0.073,13.0
168,MTT ICM (50% left) 35bb,BTN,2.0,SB,6.5,BB,0.103,13.0
