hand,x01,x03,x06,x10,x15,x21,x28,x02,x04,x05,x07,x08,x09,x11,x12,x13,x14,x16,x17,x18,x19,x20,x22,x23,x24,x25,x26,x27,x29,x30,x31,x32,x33,x34,x35,x36
AA,6.4,6.3,6.2,6.2,6.1,5.6,5.2,6.5,6.7,6.6,6.7,6.6,6.6,6.8,6.8,6.8,6.8,7.2,7.2,7.2,7.2,7.1,9.0,9.0,9.1,9.4,9.4,9.6,10.1,10.1,10.1,10.2,10.6,10.4,9.8,3.9
AK,5.9,5.9,6.3,6.5,6.9,7.5,5.6,5.1,5.3,5.4,5.6,5.7,6.0,5.8,5.9,6.1,6.6,5.6,5.9,6.2,6.9,7.1,7.3,7.8,8.3,9.2,9.4,9.6,6.2,7.4,9.0,10.0,10.6,10.4,9.8,4.2
AQ,3.4,3.8,4.6,5.6,6.0,6.1,5.6,3.9,4.1,4.9,4.2,5.1,5.6,3.8,4.7,5.2,5.3,3.8,3.8,4.4,4.7,5.3,4.7,5.3,6.2,7.3,8.3,8.3,2.6,3.2,4.1,4.8,6.9,9.8,8.2,4.0
AJ,2.1,2.4,2.7,3.4,4.4,5.8,5.9,1.2,2.2,2.8,2.5,3.2,4.2,3.3,3.3,4.3,5.7,3.1,2.9,3.4,4.8,5.3,2.4,2.4,3.6,5.6,8.5,9.0,2.9,2.5,2.4,3.4,4.5,6.6,5.6,3.3
AT,0.9,1.7,2.2,2.4,3.3,4.3,5.6,0.0,0.0,0.2,0.3,0.6,1.6,1.2,1.9,3.0,4.0,2.8,3.4,3.8,3.9,4.8,1.0,2.6,3.3,2.7,3.2,8.7,4.2,4.5,3.6,2.3,2.4,4.3,4.0,2.6
A9,0.0,0.4,0.7,1.8,2.2,3.3,4.8,0.0,0.0,0.0,0.0,0.0,0.0,0.0,0.0,0.0,0.3,0.0,0.0,0.8,2.7,3.8,0.0,0.0,0.0,1.7,2.5,3.6,1.4,1.7,2.6,3.4,2.8,2.9,3.6,1.9
A8,0.0,0.0,0.2,0.9,2.2,2.4,4.6,0.0,0.0,0.0,0.0,0.0,0.0,0.0,0.0,0.0,0.0,0.0,0.0,0.1,0.4,2.2,0.0,0.0,0.0,0.0,0.9,3.2,1.8,2.2,2.3,3.0,4.6,3.3,3.3,1.3
A7,0.0,0.0,0.0,0.2,1.5,2.3,3.8,0.0,0.0,0.0,0.0,0.0,0.0,0.0,0.0,0.0,0.0,0.0,0.0,0.0,0.0,0.2,0.0,0.0,0.0,0.0,0.0,2.0,1.8,1.6,2.3,3.4,2.8,5.0,3.9,0.8
A6,0.0,0.0,0.0,0.0,0.6,2.3,3.4,0.0,0.0,0.0,0.0,0.0,0.0,0.0,0.0,0.0,0.0,0.0,0.0,0.0,0.0,0.0,0.0,0.0,0.0,0.0,0.0,0.2,0.8,1.2,1.5,2.3,2.6,3.8,6.5,0.8
A5,0.0,0.0,0.0,0.5,1.8,2.3,4.0,0.0,0.0,0.0,0.0,0.0,0.0,0.0,0.0,0.0,0.0,0.0,0.0,0.2,0.5,0.9,0.0,0.0,0.0,0.1,0.7,2.2,3.4,3.3,3.3,3.5,4.9,5.3,3.6,0.5
A4,0.0,0.0,0.0,0.0,0.3,2.3,3.4,0.0,0.0,0.0,0.0,0.0,0.0,0.0,0.0,0.0,0.0,0.0,0.0,0.0,0.0,0.0,0.0,0.0,0.0,0.0,0.0,0.4,2.1,2.7,2.7,3.7,2.7,3.8,4.4,0.7
A3,0.0,0.0,0.0,0.0,0.0,2.1,3.3,0.0,0.0,0.0,0.0,0.0,0.0,0.0,0.0,0.0,0.0,0.0,0.0,0.0,0.0,0.0,0.0,0.0,0.0,0.0,0.0,0.0,1.3,1.7,2.1,3.4,3.5,3.1,6.2,1.0
A2,0.0,0.0,0.0,0.0,0.0,1.3,2.6,0.0,0.0,0.0,0.0,0.0,0.0,0.0,0.0,0.0,0.0,0.0,0.0,0.0,0.0,0.0,0.0,0.0,0.0,0.0,0.0,0.0,0.0,0.8,1.9,2.3,3.2,3.4,9.4,1.8
AKs,6.5,6.5,6.5,6.6,6.7,7.5,5.5,6.5,6.7,6.7,6.7,6.7,6.7,6.8,6.8,6.8,6.8,7.2,7.2,7.2,7.2,7.2,9.0,9.0,9.1,9.4,9.4,9.6,10.1,10.1,10.1,10.2,10.6,10.4,9.8,3.6
KK,6.5,6.4,6.3,6.3,6.3,6.1,5.6,5.9,6.2,6.4,6.7,6.7,6.7,6.8,6.8,6.8,6.8,7.1,7.2,7.2,7.2,7.2,9.0,9.0,9.1,9.4,9.4,9.6,10.1,10.1,10.1,10.2,10.6,10.4,9.8,3.8
KQ,2.2,2.3,2.8,3.5,3.8,5.6,5.8,2.2,3.2,3.6,3.6,4.3,5.9,4.0,4.7,5.6,5.7,3.8,4.0,4.8,5.0,4.8,2.5,2.7,4.9,6.7,8.2,9.0,3.0,3.3,3.7,3.9,5.1,5.2,4.4,3.0
KJ,1.1,1.6,2.0,2.3,3.6,3.7,5.6,0.1,0.4,0.3,0.3,0.5,1.2,0.8,1.2,2.5,3.6,1.9,2.7,3.1,3.4,5.4,1.6,2.5,3.0,2.2,5.9,8.7,2.7,3.0,3.4,3.3,4.2,5.2,3.4,1.5
KT,0.1,0.6,1.3,1.9,2.3,3.4,4.9,0.0,0.0,0.0,0.0,0.0,0.2,0.4,0.0,0.1,0.4,0.1,0.2,1.0,2.7,3.1,0.0,0.0,0.3,2.0,2.5,4.4,2.2,2.4,3.2,3.4,3.8,4.4,3.5,0.6
K9,0.0,0.0,0.0,0.2,1.6,2.3,3.9,0.0,0.0,0.0,0.0,0.0,0.0,0.0,0.0,0.0,0.0,0.0,0.0,0.0,0.0,0.0,0.0,0.0,0.0,0.0,0.0,0.4,1.4,1.5,1.8,2.3,2.9,4.6,4.4,1.3
K8,0.0,0.0,0.0,0.0,0.0,2.0,3.1,0.0,0.0,0.0,0.0,0.0,0.0,0.0,0.0,0.0,0.0,0.0,0.0,0.0,0.0,0.0,0.0,0.0,0.0,0.0,0.0,0.0,1.2,1.4,1.4,1.5,1.6,2.1,3.3,1.2
K7,0.0,0.0,0.0,0.0,0.0,1.7,2.6,0.0,0.0,0.0,0.0,0.0,0.0,0.0,0.0,0.0,0.0,0.0,0.0,0.0,0.0,0.0,0.0,0.0,0.0,0.0,0.0,0.0,0.8,1.4,1.6,1.4,1.4,3.1,4.8,1.2
K6,0.0,0.0,0.0,0.0,0.0,1.2,2.4,0.0,0.0,0.0,0.0,0.0,0.0,0.0,0.0,0.0,0.0,0.0,0.0,0.0,0.0,0.0,0.0,0.0,0.0,0.0,0.0,0.0,0.8,1.6,2.2,2.1,2.4,3.0,5.3,1.1
K5,0.0,0.0,0.0,0.0,0.0,0.6,1.8,0.0,0.0,0.0,0.0,0.0,0.0,0.0,0.0,0.0,0.0,0.0,0.0,0.0,0.0,0.0,0.0,0.0,0.0,0.0,0.0,0.0,0.1,0.3,1.0,1.6,2.0,2.4,4.6,0.7
K4,0.0,0.0,0.0,0.0,0.0,0.0,1.1,0.0,0.0,0.0,0.0,0.0,0.0,0.0,0.0,0.0,0.0,0.0,0.0,0.0,0.0,0.0,0.0,0.0,0.0,0.0,0.0,0.0,0.0,0.2,1.1,1.2,1.8,2.4,2.5,1.0
K3,0.0,0.0,0.0,0.0,0.0,0.0,0.7,0.0,0.0,0.0,0.0,0.0,0.0,0.0,0.0,0.0,0.0,0.0,0.0,0.0,0.0,0.0,0.0,0.0,0.0,0.0,0.0,0.0,0.0,0.0,0.1,1.6,1.4,1.9,1.7,1.4
K2,0.0,0.0,0.0,0.0,0.0,0.0,0.7,0.0,0.0,0.0,0.0,0.0,0.0,0.0,0.0,0.0,0.0,0.0,0.0,0.0,0.0,0.0,0.0,0.0,0.0,0.0,0.0,0.0,0.0,0.0,0.0,0.6,1.4,1.7,1.8,1.6
AQs,4.0,4.2,4.2,4.2,4.6,6.0,5.5,4.2,3.7,4.0,3.9,4.4,4.2,4.1,4.5,4.3,5.5,2.9,3.7,4.3,6.1,6.2,4.5,6.0,8.6,9.4,8.3,9.6,2.7,2.4,4.1,7.6,10.6,10.4,9.8,3.9
KQs,3.8,4.3,4.4,4.5,4.4,4.5,5.1,4.4,3.9,3.7,3.7,3.7,3.7,3.6,3.7,3.3,3.6,2.2,2.3,2.9,3.1,4.6,6.0,5.7,5.3,5.1,6.1,8.1,3.5,2.1,2.2,2.7,4.1,9.3,6.3,3.6
QQ,4.9,5.0,5.8,6.2,6.4,6.4,5.6,5.2,5.3,5.4,5.5,5.7,6.1,5.6,5.8,6.0,6.7,4.6,5.0,5.9,7.0,7.2,7.2,7.6,8.2,9.0,9.4,9.6,6.0,7.4,8.3,9.1,10.6,10.4,9.8,3.9
QJ,0.3,0.9,1.7,2.1,2.3,3.9,5.2,0.0,0.0,0.0,0.0,0.0,0.1,0.0,0.5,1.1,1.9,0.7,1.6,2.6,3.5,4.4,0.1,0.6,1.4,2.4,2.3,4.7,2.0,2.3,2.5,2.4,3.7,4.5,3.4,1.0
QT,0.0,0.0,0.6,1.6,2.2,2.7,5.0,0.0,0.0,0.0,0.0,0.0,0.0,0.0,0.0,0.1,0.2,0.2,0.4,0.6,1.0,2.9,0.0,0.0,0.1,0.6,1.4,3.8,1.8,2.1,2.5,2.6,3.1,4.4,3.3,0.6
Q9,0.0,0.0,0.0,0.0,1.2,2.3,3.1,0.0,0.0,0.0,0.0,0.0,0.0,0.0,0.0,0.0,0.0,0.0,0.0,0.0,0.0,0.0,0.0,0.0,0.0,0.0,0.0,0.0,1.4,1.4,1.6,2.3,2.1,3.5,4.7,1.1
Q8,0.0,0.0,0.0,0.0,0.0,1.5,2.8,0.0,0.0,0.0,0.0,0.0,0.0,0.0,0.0,0.0,0.0,0.0,0.0,0.0,0.0,0.0,0.0,0.0,0.0,0.0,0.0,0.0,0.0,0.5,1.4,1.6,1.5,1.9,5.0,1.3
Q7,0.0,0.0,0.0,0.0,0.0,0.6,1.4,0.0,0.0,0.0,0.0,0.0,0.0,0.0,0.0,0.0,0.0,0.0,0.0,0.0,0.0,0.0,0.0,0.0,0.0,0.0,0.0,0.0,0.0,0.0,0.1,1.4,1.4,1.4,1.9,1.6
Q6,0.0,0.0,0.0,0.0,0.0,0.0,1.1,0.0,0.0,0.0,0.0,0.0,0.0,0.0,0.0,0.0,0.0,0.0,0.0,0.0,0.0,0.0,0.0,0.0,0.0,0.0,0.0,0.0,0.0,0.0,0.0,1.3,1.5,1.4,3.2,1.3
Q5,0.0,0.0,0.0,0.0,0.0,0.0,1.2,0.0,0.0,0.0,0.0,0.0,0.0,0.0,0.0,0.0,0.0,0.0,0.0,0.0,0.0,0.0,0.0,0.0,0.0,0.0,0.0,0.0,0.0,0.0,0.0,0.3,1.2,1.4,3.2,1.2
Q4,0.0,0.0,0.0,0.0,0.0,0.0,0.7,0.0,0.0,0.0,0.0,0.0,0.0,0.0,0.0,0.0,0.0,0.0,0.0,0.0,0.0,0.0,0.0,0.0,0.0,0.0,0.0,0.0,0.0,0.0,0.0,0.0,1.1,2.2,0.7,1.3
Q3,0.0,0.0,0.0,0.0,0.0,0.0,0.7,0.0,0.0,0.0,0.0,0.0,0.0,0.0,0.0,0.0,0.0,0.0,0.0,0.0,0.0,0.0,0.0,0.0,0.0,0.0,0.0,0.0,0.0,0.0,0.0,0.0,1.1,2.1,0.2,1.7
Q2,0.0,0.0,0.0,0.0,0.0,0.0,0.7,0.0,0.0,0.0,0.0,0.0,0.0,0.0,0.0,0.0,0.0,0.0,0.0,0.0,0.0,0.0,0.0,0.0,0.0,0.0,0.0,0.0,0.0,0.0,0.0,0.0,0.5,1.8,0.0,2.0
AJs,3.9,4.1,4.4,4.2,4.0,4.4,5.0,4.2,3.8,3.6,3.4,3.5,3.9,3.1,4.0,3.3,3.3,2.6,2.6,2.8,2.5,3.6,4.7,4.7,4.7,5.3,6.6,8.8,2.1,2.1,2.6,2.7,4.5,10.4,7.1,3.7
KJs,4.2,4.3,4.9,5.2,5.2,4.4,5.0,5.4,5.0,5.2,4.9,4.9,4.7,4.5,4.5,4.0,4.1,3.6,3.4,3.2,3.8,4.2,6.2,6.1,6.1,5.5,7.9,6.2,3.8,4.4,3.2,2.9,4.0,4.7,4.8,3.7
QJs,2.6,2.8,3.3,3.3,3.5,4.6,4.5,2.5,1.6,2.4,2.4,2.8,3.3,2.2,1.9,3.0,3.5,2.1,2.8,2.7,2.6,3.0,3.3,5.5,6.0,6.3,7.7,7.7,3.7,4.8,6.3,4.4,2.2,2.7,5.2,3.9
JJ,4.3,4.5,5.3,5.6,6.4,6.8,5.5,3.7,4.2,4.7,4.6,5.1,5.5,4.8,5.6,5.2,6.1,4.3,4.5,4.7,5.6,7.0,5.6,6.1,7.4,7.7,9.3,9.6,3.5,4.5,6.4,6.9,10.5,10.4,8.7,3.8
JT,0.0,0.3,0.8,1.6,2.2,2.6,5.0,0.0,0.0,0.0,0.0,0.0,0.0,0.0,0.0,0.0,0.0,0.3,0.3,0.2,0.9,1.6,0.1,0.1,0.0,0.3,2.4,2.7,2.0,2.1,2.5,2.7,3.7,3.9,3.4,0.7
J9,0.0,0.0,0.0,0.0,1.0,2.3,3.5,0.0,0.0,0.0,0.0,0.0,0.0,0.0,0.0,0.0,0.0,0.0,0.0,0.0,0.0,0.0,0.0,0.0,0.0,0.0,0.0,0.2,1.6,1.6,1.6,1.8,1.7,2.9,4.9,0.6
J8,0.0,0.0,0.0,0.0,0.0,1.6,2.8,0.0,0.0,0.0,0.0,0.0,0.0,0.0,0.0,0.0,0.0,0.0,0.0,0.0,0.0,0.0,0.0,0.0,0.0,0.0,0.0,0.0,0.1,0.4,1.5,1.9,2.1,1.8,5.1,1.3
J7,0.0,0.0,0.0,0.0,0.0,0.1,1.2,0.0,0.0,0.0,0.0,0.0,0.0,0.0,0.0,0.0,0.0,0.0,0.0,0.0,0.0,0.0,0.0,0.0,0.0,0.0,0.0,0.0,0.0,0.0,0.0,0.3,1.6,1.9,2.9,1.6
J6,0.0,0.0,0.0,0.0,0.0,0.0,0.7,0.0,0.0,0.0,0.0,0.0,0.0,0.0,0.0,0.0,0.0,0.0,0.0,0.0,0.0,0.0,0.0,0.0,0.0,0.0,0.0,0.0,0.0,0.0,0.0,0.0,0.3,1.5,0.6,1.6
J5,0.0,0.0,0.0,0.0,0.0,0.0,0.8,0.0,0.0,0.0,0.0,0.0,0.0,0.0,0.0,0.0,0.0,0.0,0.0,0.0,0.0,0.0,0.0,0.0,0.0,0.0,0.0,0.0,0.0,0.0,0.0,0.0,0.1,1.5,0.2,0.9
J4,0.0,0.0,0.0,0.0,0.0,0.0,0.7,0.0,0.0,0.0,0.0,0.0,0.0,0.0,0.0,0.0,0.0,0.0,0.0,0.0,0.0,0.0,0.0,0.0,0.0,0.0,0.0,0.0,0.0,0.0,0.0,0.0,0.0,2.0,0.3,2.0
J3,0.0,0.0,0.0,0.0,0.0,0.0,0.7,0.0,0.0,0.0,0.0,0.0,0.0,0.0,0.0,0.0,0.0,0.0,0.0,0.0,0.0,0.0,0.0,0.0,0.0,0.0,0.0,0.0,0.0,0.0,0.0,0.0,0.0,0.9,0.0,1.9
J2,0.0,0.0,0.0,0.0,0.0,0.0,0.7,0.0,0.0,0.0,0.0,0.0,0.0,0.0,0.0,0.0,0.0,0.0,0.0,0.0,0.0,0.0,0.0,0.0,0.0,0.0,0.0,0.0,0.0,0.0,0.0,0.0,0.0,0.0,0.0,2.2
ATs,4.1,4.3,4.5,4.3,4.7,4.4,4.9,4.7,4.6,4.8,4.7,4.5,4.3,4.1,3.5,3.4,3.4,3.6,3.1,2.9,2.5,2.5,5.0,5.2,5.5,5.0,5.9,6.8,3.6,2.5,2.7,2.5,2.2,3.8,4.1,3.6
KTs,3.9,4.3,4.4,5.2,5.4,5.2,5.0,5.3,5.4,5.3,5.1,5.1,5.0,4.1,4.3,4.4,4.1,3.3,3.7,3.8,3.9,3.4,5.3,5.1,6.3,6.1,8.5,8.6,2.8,3.9,4.0,3.2,3.2,4.5,4.8,3.5
QTs,2.4,2.7,2.9,3.1,3.4,4.9,5.1,1.2,1.3,1.5,1.9,2.0,2.8,2.1,2.1,2.2,3.9,2.4,2.7,3.1,3.6,3.5,2.1,3.2,3.5,5.7,7.4,8.7,2.6,3.3,4.2,4.5,2.9,2.3,4.1,3.1
JTs,2.9,3.0,3.1,3.3,3.9,4.2,5.0,1.2,1.5,1.8,1.9,2.4,2.1,1.8,1.8,2.3,2.4,3.1,3.1,3.0,3.5,3.9,3.0,3.7,4.6,5.7,7.8,9.0,2.8,3.3,4.9,5.5,5.4,3.8,4.7,3.2
TT,3.8,4.1,4.7,5.2,5.5,6.8,5.7,3.4,3.5,3.8,3.6,3.8,4.6,3.7,3.9,5.1,5.3,3.8,4.0,4.5,4.8,5.6,4.1,5.4,6.4,6.6,8.1,9.6,2.8,3.5,4.2,6.5,7.2,10.4,8.2,3.8
T9,0.0,0.0,0.0,0.0,1.4,2.3,4.2,0.0,0.0,0.0,0.0,0.0,0.0,0.0,0.0,0.0,0.0,0.0,0.0,0.0,0.0,0.0,0.0,0.0,0.0,0.0,0.0,0.3,1.8,2.0,2.0,2.3,1.6,3.3,3.5,0.5
T8,0.0,0.0,0.0,0.0,0.0,2.0,3.1,0.0,0.0,0.0,0.0,0.0,0.0,0.0,0.0,0.0,0.0,0.0,0.0,0.0,0.0,0.0,0.0,0.0,0.0,0.0,0.0,0.0,1.4,1.4,1.5,1.5,2.0,1.9,5.0,1.3
T7,0.0,0.0,0.0,0.0,0.0,0.5,1.4,0.0,0.0,0.0,0.0,0.0,0.0,0.0,0.0,0.0,0.0,0.0,0.0,0.0,0.0,0.0,0.0,0.0,0.0,0.0,0.0,0.0,0.0,0.0,0.0,0.8,1.6,2.2,4.4,1.8
T6,0.0,0.0,0.0,0.0,0.0,0.0,0.8,0.0,0.0,0.0,0.0,0.0,0.0,0.0,0.0,0.0,0.0,0.0,0.0,0.0,0.0,0.0,0.0,0.0,0.0,0.0,0.0,0.0,0.0,0.0,0.0,0.0,0.0,2.0,0.7,1.8
T5,0.0,0.0,0.0,0.0,0.0,0.0,0.7,0.0,0.0,0.0,0.0,0.0,0.0,0.0,0.0,0.0,0.0,0.0,0.0,0.0,0.0,0.0,0.0,0.0,0.0,0.0,0.0,0.0,0.0,0.0,0.0,0.0,0.0,0.7,0.0,1.5
T4,0.0,0.0,0.0,0.0,0.0,0.0,0.7,0.0,0.0,0.0,0.0,0.0,0.0,0.0,0.0,0.0,0.0,0.0,0.0,0.0,0.0,0.0,0.0,0.0,0.0,0.0,0.0,0.0,0.0,0.0,0.0,0.0,0.0,0.0,0.0,1.9
T3,0.0,0.0,0.0,0.0,0.0,0.0,0.5,0.0,0.0,0.0,0.0,0.0,0.0,0.0,0.0,0.0,0.0,0.0,0.0,0.0,0.0,0.0,0.0,0.0,0.0,0.0,0.0,0.0,0.0,0.0,0.0,0.0,0.0,0.0,0.0,1.8
T2,0.0,0.0,0.0,0.0,0.0,0.0,0.0,0.0,0.0,0.0,0.0,0.0,0.0,0.0,0.0,0.0,0.0,0.0,0.0,0.0,0.0,0.0,0.0,0.0,0.0,0.0,0.0,0.0,0.0,0.0,0.0,0.0,0.0,0.0,0.0,1.8
A9s,2.6,3.0,3.6,3.6,3.7,4.8,4.6,2.4,2.0,2.6,2.8,3.5,4.3,1.9,2.7,3.1,3.8,2.2,3.3,3.3,3.1,3.5,1.7,2.6,3.7,3.1,7.0,6.8,2.1,3.1,3.9,2.1,2.2,2.3,3.3,3.4
K9s,2.2,2.5,3.0,3.4,4.1,4.6,5.2,1.4,2.0,2.3,2.6,2.5,3.6,3.3,3.8,4.1,3.7,3.5,3.2,4.0,4.6,4.5,3.1,3.2,4.1,4.3,5.2,7.7,3.6,3.1,3.4,4.8,3.3,2.3,4.1,2.0
Q9s,1.2,1.7,2.1,2.2,3.3,4.0,6.1,0.0,0.0,0.0,0.0,0.5,1.5,1.6,1.7,3.0,2.4,2.2,3.1,3.0,2.6,3.9,1.2,1.7,2.4,2.4,3.1,7.6,2.8,2.9,3.3,3.9,3.2,2.3,3.5,1.8
J9s,1.5,1.5,2.0,2.5,3.2,3.6,5.8,0.0,0.2,0.4,0.9,1.4,0.5,1.2,1.3,1.5,2.1,1.3,1.6,1.7,2.1,1.8,3.2,2.8,2.8,3.0,2.5,4.0,2.9,3.4,3.4,4.1,4.3,4.9,4.0,2.4
T9s,2.1,2.4,2.7,3.1,3.5,3.9,5.7,1.0,1.3,1.2,1.2,1.3,1.4,1.3,1.3,1.4,1.5,2.3,2.2,2.5,2.3,2.7,3.1,3.5,3.7,4.1,3.8,5.5,3.3,3.8,4.1,4.9,5.4,6.9,5.9,2.5
99,3.4,3.6,3.9,4.3,5.0,5.5,5.5,2.4,2.6,2.8,2.5,2.7,3.3,2.3,2.6,3.7,3.9,2.9,2.8,3.3,3.6,4.3,2.7,3.3,4.3,5.6,6.5,8.3,2.2,2.2,2.4,3.1,5.5,8.0,4.2,3.9
98,0.0,0.0,0.0,0.0,0.0,1.4,3.0,0.0,0.0,0.0,0.0,0.0,0.0,0.0,0.0,0.0,0.0,0.0,0.0,0.0,0.0,0.0,0.0,0.0,0.0,0.0,0.0,0.0,1.6,1.7,1.7,1.9,1.5,1.5,3.2,1.3
97,0.0,0.0,0.0,0.0,0.0,0.7,1.6,0.0,0.0,0.0,0.0,0.0,0.0,0.0,0.0,0.0,0.0,0.0,0.0,0.0,0.0,0.0,0.0,0.0,0.0,0.0,0.0,0.0,0.8,1.0,1.5,1.6,1.4,1.8,2.5,1.6
96,0.0,0.0,0.0,0.0,0.0,0.0,0.7,0.0,0.0,0.0,0.0,0.0,0.0,0.0,0.0,0.0,0.0,0.0,0.0,0.0,0.0,0.0,0.0,0.0,0.0,0.0,0.0,0.0,0.0,0.0,0.0,0.0,0.2,1.4,0.7,2.0
95,0.0,0.0,0.0,0.0,0.0,0.0,0.7,0.0,0.0,0.0,0.0,0.0,0.0,0.0,0.0,0.0,0.0,0.0,0.0,0.0,0.0,0.0,0.0,0.0,0.0,0.0,0.0,0.0,0.0,0.0,0.0,0.0,0.0,0.1,0.0,1.8
94,0.0,0.0,0.0,0.0,0.0,0.0,0.0,0.0,0.0,0.0,0.0,0.0,0.0,0.0,0.0,0.0,0.0,0.0,0.0,0.0,0.0,0.0,0.0,0.0,0.0,0.0,0.0,0.0,0.0,0.0,0.0,0.0,0.0,0.0,0.0,1.4
93,0.0,0.0,0.0,0.0,0.0,0.0,0.0,0.0,0.0,0.0,0.0,0.0,0.0,0.0,0.0,0.0,0.0,0.0,0.0,0.0,0.0,0.0,0.0,0.0,0.0,0.0,0.0,0.0,0.0,0.0,0.0,0.0,0.0,0.0,0.0,1.6
92,0.0,0.0,0.0,0.0,0.0,0.0,0.0,0.0,0.0,0.0,0.0,0.0,0.0,0.0,0.0,0.0,0.0,0.0,0.0,0.0,0.0,0.0,0.0,0.0,0.0,0.0,0.0,0.0,0.0,0.0,0.0,0.0,0.0,0.0,0.0,1.4
A8s,2.9,3.3,3.2,3.7,3.8,4.8,5.2,2.1,2.5,3.2,2.8,3.5,3.4,3.3,3.5,3.9,3.8,3.7,4.1,4.0,4.2,3.8,3.2,3.4,3.9,4.5,4.0,7.6,2.8,3.1,2.8,3.7,2.5,2.3,3.6,2.4
K8s,1.3,1.7,2.1,2.4,3.0,3.5,5.5,0.0,0.0,0.0,0.1,0.3,0.2,0.6,1.5,1.4,2.3,2.2,2.1,2.5,2.4,3.0,1.5,2.2,1.7,2.2,2.6,2.4,2.7,2.3,2.1,2.1,4.0,2.3,3.3,1.8
Q8s,0.0,0.0,1.4,2.0,2.4,3.6,5.3,0.0,0.0,0.0,0.0,0.0,0.0,0.0,0.0,0.0,1.1,1.3,1.8,1.8,1.8,2.3,0.0,0.0,0.3,1.8,1.8,2.5,2.1,2.4,2.7,3.6,3.1,3.2,3.3,0.8
J8s,0.0,0.2,1.1,1.5,2.5,3.3,5.3,0.0,0.0,0.0,0.0,0.0,0.0,0.0,0.0,0.0,0.2,0.9,1.2,1.4,2.2,1.7,0.3,0.3,0.2,1.8,3.2,2.9,2.1,2.1,3.0,3.3,3.6,4.9,3.5,0.9
T8s,0.6,1.3,1.5,2.1,2.9,3.5,5.8,0.0,0.1,0.0,0.6,0.4,0.1,1.3,1.3,1.3,1.7,1.2,1.2,1.2,1.6,2.5,2.0,2.5,3.3,2.8,4.1,3.6,2.9,2.8,3.4,3.4,4.3,5.3,5.0,0.8
98s,0.8,1.2,1.9,2.3,3.1,3.6,5.6,0.1,0.2,0.3,0.4,0.5,0.3,0.9,1.0,1.0,1.2,1.5,1.6,1.5,1.5,1.8,2.1,2.3,2.4,2.9,3.2,4.6,3.0,3.4,3.4,3.4,4.5,5.9,6.4,2.2
88,3.0,3.3,3.7,3.9,4.2,5.2,5.7,1.8,1.8,2.0,2.3,2.6,2.8,2.0,2.1,2.7,3.1,2.8,2.8,2.9,3.4,3.9,2.2,2.6,3.3,3.8,4.6,7.8,2.2,2.1,2.1,2.3,3.9,6.3,3.8,3.6
87,0.0,0.0,0.0,0.0,0.0,0.8,1.9,0.0,0.0,0.0,0.0,0.0,0.0,0.0,0.0,0.0,0.0,0.0,0.0,0.0,0.0,0.0,0.0,0.0,0.0,0.0,0.0,0.0,1.5,1.8,1.9,1.8,1.4,1.4,2.8,0.6
86,0.0,0.0,0.0,0.0,0.0,0.0,0.7,0.0,0.0,0.0,0.0,0.0,0.0,0.0,0.0,0.0,0.0,0.0,0.0,0.0,0.0,0.0,0.0,0.0,0.0,0.0,0.0,0.0,0.9,0.9,1.1,1.5,1.4,1.4,0.5,1.9
85,0.0,0.0,0.0,0.0,0.0,0.0,0.7,0.0,0.0,0.0,0.0,0.0,0.0,0.0,0.0,0.0,0.0,0.0,0.0,0.0,0.0,0.0,0.0,0.0,0.0,0.0,0.0,0.0,0.0,0.0,0.0,0.0,0.2,0.8,0.0,1.9
84,0.0,0.0,0.0,0.0,0.0,0.0,0.0,0.0,0.0,0.0,0.0,0.0,0.0,0.0,0.0,0.0,0.0,0.0,0.0,0.0,0.0,0.0,0.0,0.0,0.0,0.0,0.0,0.0,0.0,0.0,0.0,0.0,0.0,0.0,0.0,1.7
83,0.0,0.0,0.0,0.0,0.0,0.0,0.0,0.0,0.0,0.0,0.0,0.0,0.0,0.0,0.0,0.0,0.0,0.0,0.0,0.0,0.0,0.0,0.0,0.0,0.0,0.0,0.0,0.0,0.0,0.0,0.0,0.0,0.0,0.0,0.0,1.3
82,0.0,0.0,0.0,0.0,0.0,0.0,0.0,0.0,0.0,0.0,0.0,0.0,0.0,0.0,0.0,0.0,0.0,0.0,0.0,0.0,0.0,0.0,0.0,0.0,0.0,0.0,0.0,0.0,0.0,0.0,0.0,0.0,0.0,0.0,0.0,1.0
A7s,2.6,2.7,2.6,3.2,4.0,4.3,5.5,1.1,1.7,2.1,2.5,2.6,3.2,3.5,3.3,3.6,4.7,3.9,3.4,4.4,4.5,4.6,4.0,3.4,3.1,4.3,4.0,7.5,3.0,3.4,3.4,2.9,3.5,2.3,4.4,2.4
K7s,0.3,1.3,1.9,2.2,3.0,3.5,5.4,0.1,0.1,0.0,0.2,0.2,0.0,0.6,0.6,0.6,1.8,2.3,2.6,2.6,2.3,3.5,0.7,1.5,2.9,3.4,3.1,3.4,3.1,3.1,3.1,2.4,3.2,3.2,3.3,0.9
Q7s,0.0,0.0,0.0,1.2,2.2,2.7,5.1,0.0,0.0,0.0,0.0,0.0,0.0,0.0,0.0,0.0,0.0,0.0,0.0,0.0,0.9,1.4,0.0,0.0,0.0,0.0,0.5,2.2,1.8,2.4,2.2,2.2,2.6,3.2,3.3,0.0
J7s,0.0,0.0,0.0,0.0,2.2,2.6,5.1,0.0,0.0,0.0,0.0,0.0,0.0,0.0,0.0,0.0,0.0,0.0,0.0,0.0,0.0,1.1,0.0,0.0,0.0,0.0,0.0,1.0,2.1,2.1,2.1,2.4,3.8,4.9,3.4,0.0
T7s,0.0,0.0,0.0,1.1,1.6,3.0,5.1,0.0,0.0,0.0,0.0,0.0,0.0,0.0,0.0,0.0,0.0,0.6,0.4,0.1,0.0,1.6,0.0,0.0,0.0,0.0,1.8,1.9,2.1,2.1,2.1,2.6,4.5,4.5,3.4,0.8
97s,0.0,0.0,0.3,1.5,2.6,3.1,4.9,0.0,0.0,0.0,0.0,0.0,0.0,0.2,0.2,0.2,0.2,0.8,0.9,0.8,0.8,1.1,0.3,0.4,0.4,1.2,1.3,2.1,2.2,2.2,2.9,3.3,3.8,4.8,3.7,1.7
87s,0.5,0.7,0.6,1.8,3.0,3.7,5.1,0.3,0.3,0.3,0.4,0.5,0.0,1.3,1.1,0.4,0.3,1.5,1.7,1.4,1.1,1.4,2.5,2.9,1.6,1.8,2.3,2.7,3.9,4.0,4.2,4.2,4.3,5.5,5.5,2.7
77,2.7,3.2,3.4,3.6,3.8,4.4,5.8,1.7,1.6,1.7,1.9,1.9,2.5,1.9,2.0,2.7,2.7,2.3,2.4,2.7,2.9,3.2,2.1,2.3,2.8,2.9,3.3,4.8,2.2,2.2,2.1,2.1,2.5,5.4,3.5,3.0
76,0.0,0.0,0.0,0.0,0.0,0.2,0.9,0.0,0.0,0.0,0.0,0.0,0.0,0.0,0.0,0.0,0.0,0.0,0.0,0.0,0.0,0.0,0.0,0.0,0.0,0.0,0.0,0.0,1.5,1.6,1.8,2.0,1.4,1.4,2.3,0.9
75,0.0,0.0,0.0,0.0,0.0,0.0,0.7,0.0,0.0,0.0,0.0,0.0,0.0,0.0,0.0,0.0,0.0,0.0,0.0,0.0,0.0,0.0,0.0,0.0,0.0,0.0,0.0,0.0,0.4,0.7,1.0,0.9,1.1,1.4,0.0,1.5
74,0.0,0.0,0.0,0.0,0.0,0.0,0.2,0.0,0.0,0.0,0.0,0.0,0.0,0.0,0.0,0.0,0.0,0.0,0.0,0.0,0.0,0.0,0.0,0.0,0.0,0.0,0.0,0.0,0.0,0.0,0.0,0.0,0.0,0.4,0.0,1.7
73,0.0,0.0,0.0,0.0,0.0,0.0,0.0,0.0,0.0,0.0,0.0,0.0,0.0,0.0,0.0,0.0,0.0,0.0,0.0,0.0,0.0,0.0,0.0,0.0,0.0,0.0,0.0,0.0,0.0,0.0,0.0,0.0,0.0,0.0,0.0,1.1
72,0.0,0.0,0.0,0.0,0.0,0.0,0.0,0.0,0.0,0.0,0.0,0.0,0.0,0.0,0.0,0.0,0.0,0.0,0.0,0.0,0.0,0.0,0.0,0.0,0.0,0.0,0.0,0.0,0.0,0.0,0.0,0.0,0.0,0.0,0.0,1.0
A6s,2.1,2.2,2.3,2.3,3.6,4.2,6.1,0.5,0.7,1.0,0.8,1.3,0.6,2.4,3.0,3.5,4.0,3.4,4.1,3.5,4.4,5.6,3.3,3.2,3.2,3.6,4.0,5.6,3.2,3.2,2.2,2.1,2.6,2.3,3.3,0.3
K6s,0.3,1.1,2.1,2.5,2.9,3.7,5.3,0.6,0.9,0.6,0.9,0.8,0.0,1.0,1.0,0.3,1.4,2.8,2.3,1.4,1.8,2.5,2.7,2.8,1.2,3.6,3.5,5.4,3.8,4.3,3.5,3.2,2.8,3.9,4.1,1.4
Q6s,0.0,0.0,0.0,0.7,2.2,2.9,4.4,0.0,0.0,0.0,0.0,0.0,0.0,0.0,0.0,0.0,0.0,0.0,0.1,0.0,0.7,1.9,0.0,0.0,0.0,0.0,0.4,2.0,2.1,2.2,2.5,2.5,4.2,4.4,3.3,0.0
J6s,0.0,0.0,0.0,0.0,0.9,2.3,3.3,0.0,0.0,0.0,0.0,0.0,0.0,0.0,0.0,0.0,0.0,0.0,0.0,0.0,0.0,0.0,0.0,0.0,0.0,0.0,0.0,0.0,1.7,1.8,2.1,2.1,3.8,4.2,3.3,0.0
T6s,0.0,0.0,0.0,0.0,0.8,2.3,3.4,0.0,0.0,0.0,0.0,0.0,0.0,0.0,0.0,0.0,0.0,0.0,0.0,0.0,0.0,0.0,0.0,0.0,0.0,0.0,0.0,0.0,2.1,2.1,2.1,2.1,1.6,4.8,3.3,1.2
96s,0.0,0.0,0.0,0.0,0.8,2.6,5.1,0.0,0.0,0.0,0.0,0.0,0.0,0.0,0.0,0.0,0.0,0.0,0.0,0.0,0.0,0.0,0.0,0.0,0.0,0.0,0.0,0.3,2.1,2.1,2.1,2.1,2.2,4.2,3.5,1.4
86s,0.0,0.0,0.0,0.2,1.6,3.1,5.0,0.0,0.0,0.0,0.0,0.0,0.0,0.0,0.0,0.0,0.0,0.8,0.8,0.8,0.8,0.8,0.1,0.0,0.0,0.2,0.9,2.2,2.2,2.1,2.1,2.8,3.0,5.1,3.6,1.8
76s,0.3,0.3,0.7,1.6,2.6,3.6,4.7,0.4,0.4,0.4,0.4,0.4,0.1,0.8,0.9,0.7,0.5,1.7,1.9,1.8,1.7,1.6,2.8,2.9,3.0,2.4,2.6,3.0,3.7,4.0,5.3,5.6,5.1,5.9,6.0,2.8
66,2.5,2.7,3.3,3.4,3.5,4.3,5.8,1.2,1.4,1.5,1.4,1.6,2.0,1.8,2.0,2.4,2.5,2.1,2.2,2.5,2.5,2.7,2.0,2.1,2.4,2.6,2.5,3.6,2.4,2.3,2.2,2.1,2.7,3.6,3.6,1.7
65,0.0,0.0,0.0,0.0,0.0,0.0,0.8,0.0,0.0,0.0,0.0,0.0,0.0,0.0,0.0,0.0,0.0,0.0,0.0,0.0,0.0,0.0,0.0,0.0,0.0,0.0,0.0,0.0,1.5,1.5,1.6,1.7,1.4,1.4,0.8,0.8
64,0.0,0.0,0.0,0.0,0.0,0.0,0.5,0.0,0.0,0.0,0.0,0.0,0.0,0.0,0.0,0.0,0.0,0.0,0.0,0.0,0.0,0.0,0.0,0.0,0.0,0.0,0.0,0.0,0.3,0.3,0.7,0.8,1.0,1.4,0.0,1.2
63,0.0,0.0,0.0,0.0,0.0,0.0,0.0,0.0,0.0,0.0,0.0,0.0,0.0,0.0,0.0,0.0,0.0,0.0,0.0,0.0,0.0,0.0,0.0,0.0,0.0,0.0,0.0,0.0,0.0,0.0,0.0,0.0,0.0,0.0,0.0,1.2
62,0.0,0.0,0.0,0.0,0.0,0.0,0.0,0.0,0.0,0.0,0.0,0.0,0.0,0.0,0.0,0.0,0.0,0.0,0.0,0.0,0.0,0.0,0.0,0.0,0.0,0.0,0.0,0.0,0.0,0.0,0.0,0.0,0.0,0.0,0.0,0.7
A5s,4.4,4.3,4.2,3.9,4.5,4.4,5.3,5.4,5.4,5.6,5.3,5.3,5.5,5.1,5.3,5.4,5.3,4.4,4.5,4.8,4.4,4.9,5.8,5.5,5.8,5.9,6.5,8.0,3.6,3.7,4.3,4.5,5.6,7.6,6.6,2.9
K5s,0.2,0.4,0.9,2.0,2.8,3.2,5.7,0.9,1.0,1.2,1.1,1.1,0.3,1.3,1.6,0.4,0.1,2.4,2.5,2.9,2.0,1.3,1.7,1.4,1.2,2.3,1.3,2.8,3.4,3.5,2.9,3.4,2.9,3.6,3.6,0.7
Q5s,0.0,0.0,0.0,0.0,2.2,2.3,4.7,0.0,0.0,0.0,0.0,0.0,0.0,0.0,0.0,0.0,0.0,0.0,0.0,0.0,0.0,0.1,0.0,0.0,0.0,0.0,0.1,1.3,1.9,2.3,2.2,2.2,2.9,3.2,3.3,0.1
J5s,0.0,0.0,0.0,0.0,0.5,2.3,3.3,0.0,0.0,0.0,0.0,0.0,0.0,0.0,0.0,0.0,0.0,0.0,0.0,0.0,0.0,0.0,0.0,0.0,0.0,0.0,0.0,0.0,1.5,1.4,2.1,2.1,1.7,3.9,3.3,1.0
T5s,0.0,0.0,0.0,0.0,0.0,1.4,2.8,0.0,0.0,0.0,0.0,0.0,0.0,0.0,0.0,0.0,0.0,0.0,0.0,0.0,0.0,0.0,0.0,0.0,0.0,0.0,0.0,0.0,1.4,1.4,1.5,1.7,1.4,1.4,4.9,1.5
95s,0.0,0.0,0.0,0.0,0.0,0.8,2.9,0.0,0.0,0.0,0.0,0.0,0.0,0.0,0.0,0.0,0.0,0.0,0.0,0.0,0.0,0.0,0.0,0.0,0.0,0.0,0.0,0.0,1.8,2.0,2.1,2.1,1.4,1.4,3.3,1.6
85s,0.0,0.0,0.0,0.0,0.1,1.4,3.3,0.0,0.0,0.0,0.0,0.0,0.0,0.0,0.0,0.0,0.0,0.0,0.0,0.0,0.0,0.0,0.0,0.0,0.0,0.0,0.0,0.0,2.1,2.1,2.1,2.1,2.2,2.3,3.3,1.2
75s,0.0,0.0,0.0,0.0,0.8,2.6,3.3,0.0,0.0,0.0,0.0,0.0,0.0,0.0,0.0,0.0,0.0,0.4,0.5,0.3,0.3,0.1,0.0,0.0,0.0,0.0,0.0,0.1,2.1,2.1,2.1,2.1,2.2,3.9,3.4,1.6
65s,0.6,0.5,0.5,0.9,2.5,3.4,4.7,0.8,0.9,0.7,1.0,0.8,0.5,1.8,1.5,0.7,0.8,2.5,2.4,1.9,1.8,1.6,3.0,3.3,1.8,2.6,2.0,1.9,4.1,4.2,4.4,6.1,4.4,4.9,4.2,2.3
55,1.5,2.2,2.9,3.6,3.6,3.9,5.8,0.4,0.7,1.0,1.1,1.1,1.5,1.2,1.2,1.6,1.7,1.8,1.8,2.1,2.2,1.7,1.7,1.8,2.2,2.3,1.8,1.6,2.3,2.2,2.3,2.1,2.5,2.8,3.4,1.3
54,0.0,0.0,0.0,0.0,0.0,0.0,0.7,0.0,0.0,0.0,0.0,0.0,0.0,0.0,0.0,0.0,0.0,0.0,0.0,0.0,0.0,0.0,0.0,0.0,0.0,0.0,0.0,0.0,1.3,1.3,1.5,1.5,1.4,1.4,1.0,0.4
53,0.0,0.0,0.0,0.0,0.0,0.0,0.2,0.0,0.0,0.0,0.0,0.0,0.0,0.0,0.0,0.0,0.0,0.0,0.0,0.0,0.0,0.0,0.0,0.0,0.0,0.0,0.0,0.0,0.1,0.3,0.8,1.0,1.2,1.4,0.0,0.9
52,0.0,0.0,0.0,0.0,0.0,0.0,0.0,0.0,0.0,0.0,0.0,0.0,0.0,0.0,0.0,0.0,0.0,0.0,0.0,0.0,0.0,0.0,0.0,0.0,0.0,0.0,0.0,0.0,0.0,0.0,0.0,0.0,0.0,0.0,0.0,1.4
A4s,4.0,4.2,3.5,3.3,3.9,3.9,6.1,3.7,4.1,4.3,4.8,5.1,5.1,4.9,4.7,4.4,4.4,4.4,4.2,3.8,4.6,5.0,5.5,5.0,4.8,6.1,6.5,7.3,3.4,3.5,3.0,3.0,4.7,4.9,5.7,1.8
K4s,0.0,0.0,0.0,1.3,2.2,3.2,4.6,0.0,0.0,0.0,0.1,0.0,0.0,0.1,0.0,0.0,0.0,0.4,0.8,0.2,0.9,1.7,0.0,0.0,0.0,1.2,1.3,3.7,4.0,3.9,3.2,3.4,2.7,3.1,3.8,0.2
Q4s,0.0,0.0,0.0,0.0,1.4,2.3,3.3,0.0,0.0,0.0,0.0,0.0,0.0,0.0,0.0,0.0,0.0,0.0,0.0,0.0,0.0,0.0,0.0,0.0,0.0,0.0,0.0,0.3,1.4,2.0,2.2,2.3,3.6,3.8,3.3,0.0
J4s,0.0,0.0,0.0,0.0,0.0,2.0,3.1,0.0,0.0,0.0,0.0,0.0,0.0,0.0,0.0,0.0,0.0,0.0,0.0,0.0,0.0,0.0,0.0,0.0,0.0,0.0,0.0,0.0,1.4,1.4,1.7,2.1,1.8,3.6,3.6,0.1
T4s,0.0,0.0,0.0,0.0,0.0,1.1,2.5,0.0,0.0,0.0,0.0,0.0,0.0,0.0,0.0,0.0,0.0,0.0,0.0,0.0,0.0,0.0,0.0,0.0,0.0,0.0,0.0,0.0,1.4,1.4,1.5,1.4,1.4,1.4,4.5,1.2
94s,0.0,0.0,0.0,0.0,0.0,0.0,2.2,0.0,0.0,0.0,0.0,0.0,0.0,0.0,0.0,0.0,0.0,0.0,0.0,0.0,0.0,0.0,0.0,0.0,0.0,0.0,0.0,0.0,1.4,1.4,1.4,1.4,1.4,1.4,2.4,1.3
84s,0.0,0.0,0.0,0.0,0.0,0.2,1.9,0.0,0.0,0.0,0.0,0.0,0.0,0.0,0.0,0.0,0.0,0.0,0.0,0.0,0.0,0.0,0.0,0.0,0.0,0.0,0.0,0.0,1.4,1.4,1.6,1.7,1.4,1.4,2.7,1.4
74s,0.0,0.0,0.0,0.0,0.0,0.8,2.9,0.0,0.0,0.0,0.0,0.0,0.0,0.0,0.0,0.0,0.0,0.0,0.0,0.0,0.0,0.0,0.0,0.0,0.0,0.0,0.0,0.0,2.1,2.3,2.2,2.1,2.2,2.1,3.3,1.2
64s,0.0,0.0,0.0,0.0,0.0,1.3,3.1,0.0,0.0,0.0,0.0,0.0,0.0,0.0,0.0,0.0,0.0,0.4,0.3,0.0,0.0,0.0,0.0,0.0,0.0,0.0,0.0,0.0,2.2,2.2,2.1,2.1,2.2,2.8,3.6,1.0
54s,0.1,0.1,0.1,0.1,1.5,3.3,4.1,0.4,0.5,0.4,0.6,0.4,0.2,0.9,0.8,0.3,0.1,2.0,1.9,1.2,1.4,1.7,2.8,2.4,2.1,1.6,1.5,1.2,3.4,3.3,3.8,3.5,3.7,5.0,4.6,2.8
44,0.6,1.2,1.7,2.8,3.7,4.2,5.5,0.2,0.4,0.5,0.6,0.9,0.7,1.0,1.0,1.2,1.4,1.7,1.7,2.1,2.0,1.5,1.7,1.8,2.1,2.0,1.7,2.5,2.2,2.3,2.1,2.1,2.4,3.2,3.3,0.7
43,0.0,0.0,0.0,0.0,0.0,0.0,0.0,0.0,0.0,0.0,0.0,0.0,0.0,0.0,0.0,0.0,0.0,0.0,0.0,0.0,0.0,0.0,0.0,0.0,0.0,0.0,0.0,0.0,0.0,0.0,0.0,0.1,0.8,0.9,0.0,0.8
42,0.0,0.0,0.0,0.0,0.0,0.0,0.0,0.0,0.0,0.0,0.0,0.0,0.0,0.0,0.0,0.0,0.0,0.0,0.0,0.0,0.0,0.0,0.0,0.0,0.0,0.0,0.0,0.0,0.0,0.0,0.0,0.0,0.0,0.0,0.0,1.0
A3s,1.9,2.6,2.4,2.7,3.8,4.1,6.1,0.6,0.8,0.7,1.0,0.9,1.0,3.0,3.5,4.5,5.3,4.4,4.6,4.6,4.7,5.6,3.4,4.4,4.7,4.8,6.4,5.6,3.0,3.1,2.7,2.1,2.3,3.0,3.6,0.8
K3s,0.0,0.0,0.0,0.0,2.2,2.7,5.1,0.0,0.0,0.0,0.0,0.0,0.0,0.0,0.0,0.0,0.0,0.0,0.0,0.0,0.0,1.0,0.0,0.0,0.0,0.0,0.8,0.8,3.6,3.4,3.3,3.1,4.1,3.0,3.8,0.2
Q3s,0.0,0.0,0.0,0.0,0.0,2.3,3.3,0.0,0.0,0.0,0.0,0.0,0.0,0.0,0.0,0.0,0.0,0.0,0.0,0.0,0.0,0.0,0.0,0.0,0.0,0.0,0.0,0.0,1.4,1.6,2.1,2.1,4.3,3.8,3.3,0.1
J3s,0.0,0.0,0.0,0.0,0.0,1.4,2.9,0.0,0.0,0.0,0.0,0.0,0.0,0.0,0.0,0.0,0.0,0.0,0.0,0.0,0.0,0.0,0.0,0.0,0.0,0.0,0.0,0.0,1.4,1.4,1.4,1.9,1.4,1.5,4.2,0.3
T3s,0.0,0.0,0.0,0.0,0.0,0.8,2.3,0.0,0.0,0.0,0.0,0.0,0.0,0.0,0.0,0.0,0.0,0.0,0.0,0.0,0.0,0.0,0.0,0.0,0.0,0.0,0.0,0.0,1.4,1.4,1.4,1.4,1.4,1.4,5.2,0.7
93s,0.0,0.0,0.0,0.0,0.0,0.0,1.1,0.0,0.0,0.0,0.0,0.0,0.0,0.0,0.0,0.0,0.0,0.0,0.0,0.0,0.0,0.0,0.0,0.0,0.0,0.0,0.0,0.0,1.4,1.4,1.6,1.6,1.4,1.4,4.3,1.4
83s,0.0,0.0,0.0,0.0,0.0,0.0,0.7,0.0,0.0,0.0,0.0,0.0,0.0,0.0,0.0,0.0,0.0,0.0,0.0,0.0,0.0,0.0,0.0,0.0,0.0,0.0,0.0,0.0,1.4,1.4,1.4,1.4,1.4,1.4,1.3,0.6
73s,0.0,0.0,0.0,0.0,0.0,0.0,0.8,0.0,0.0,0.0,0.0,0.0,0.0,0.0,0.0,0.0,0.0,0.0,0.0,0.0,0.0,0.0,0.0,0.0,0.0,0.0,0.0,0.0,1.4,1.4,1.4,1.4,1.4,1.4,2.3,2.4
63s,0.0,0.0,0.0,0.0,0.0,0.0,2.3,0.0,0.0,0.0,0.0,0.0,0.0,0.0,0.0,0.0,0.0,0.0,0.0,0.0,0.0,0.0,0.0,0.0,0.0,0.0,0.0,0.0,2.1,2.1,2.1,2.1,2.0,1.8,3.3,0.2
53s,0.0,0.0,0.0,0.0,0.0,0.8,3.0,0.0,0.0,0.0,0.0,0.0,0.0,0.0,0.0,0.0,0.0,0.6,0.5,0.0,0.0,0.0,0.1,0.0,0.0,0.0,0.0,0.0,2.1,2.1,2.1,2.1,2.2,2.3,3.7,0.4
43s,0.0,0.0,0.0,0.0,0.0,0.1,2.3,0.0,0.0,0.0,0.0,0.0,0.0,0.0,0.0,0.0,0.0,0.0,0.0,0.0,0.0,0.0,0.0,0.0,0.0,0.0,0.0,0.0,2.1,2.1,2.1,2.4,2.2,2.3,3.7,0.8
33,0.5,0.9,1.3,1.5,2.8,4.1,5.5,0.2,0.4,0.4,0.6,0.7,0.8,0.8,0.8,1.1,1.2,1.4,1.5,1.7,1.7,1.2,1.7,1.6,1.9,1.8,1.5,1.6,2.1,2.1,2.1,2.1,2.8,4.3,3.3,0.7
32,0.0,0.0,0.0,0.0,0.0,0.0,0.0,0.0,0.0,0.0,0.0,0.0,0.0,0.0,0.0,0.0,0.0,0.0,0.0,0.0,0.0,0.0,0.0,0.0,0.0,0.0,0.0,0.0,0.0,0.0,0.0,0.0,0.0,0.0,0.0,0.8
A2s,0.5,0.8,1.7,2.2,3.6,4.2,5.3,0.0,0.0,0.0,0.0,0.0,0.0,0.0,0.3,1.3,1.6,3.3,3.7,4.0,4.8,4.6,2.2,2.7,2.9,5.0,4.1,4.4,3.7,3.5,3.5,2.5,2.3,2.6,3.7,0.2
K2s,0.0,0.0,0.0,0.0,1.8,2.5,4.1,0.0,0.0,0.0,0.0,0.0,0.0,0.0,0.0,0.0,0.0,0.0,0.0,0.0,0.0,0.0,0.0,0.0,0.0,0.0,0.1,0.8,3.4,2.8,2.5,3.3,4.0,3.1,4.0,0.2
Q2s,0.0,0.0,0.0,0.0,0.0,2.2,3.2,0.0,0.0,0.0,0.0,0.0,0.0,0.0,0.0,0.0,0.0,0.0,0.0,0.0,0.0,0.0,0.0,0.0,0.0,0.0,0.0,0.0,1.4,1.5,2.1,2.1,4.0,4.0,3.3,0.0
J2s,0.0,0.0,0.0,0.0,0.0,0.8,2.2,0.0,0.0,0.0,0.0,0.0,0.0,0.0,0.0,0.0,0.0,0.0,0.0,0.0,0.0,0.0,0.0,0.0,0.0,0.0,0.0,0.0,1.4,1.4,1.4,1.4,1.4,1.4,4.9,0.0
T2s,0.0,0.0,0.0,0.0,0.0,0.0,2.3,0.0,0.0,0.0,0.0,0.0,0.0,0.0,0.0,0.0,0.0,0.0,0.0,0.0,0.0,0.0,0.0,0.0,0.0,0.0,0.0,0.0,1.4,1.4,1.4,1.4,1.4,1.4,6.8,0.7
92s,0.0,0.0,0.0,0.0,0.0,0.0,0.7,0.0,0.0,0.0,0.0,0.0,0.0,0.0,0.0,0.0,0.0,0.0,0.0,0.0,0.0,0.0,0.0,0.0,0.0,0.0,0.0,0.0,1.4,1.4,1.4,1.4,1.4,1.4,2.4,1.4
82s,0.0,0.0,0.0,0.0,0.0,0.0,0.7,0.0,0.0,0.0,0.0,0.0,0.0,0.0,0.0,0.0,0.0,0.0,0.0,0.0,0.0,0.0,0.0,0.0,0.0,0.0,0.0,0.0,1.4,1.4,1.4,1.4,1.4,1.4,1.0,1.9
72s,0.0,0.0,0.0,0.0,0.0,0.0,0.7,0.0,0.0,0.0,0.0,0.0,0.0,0.0,0.0,0.0,0.0,0.0,0.0,0.0,0.0,0.0,0.0,0.0,0.0,0.0,0.0,0.0,0.7,0.7,1.4,1.4,1.4,1.4,0.0,0.6
62s,0.0,0.0,0.0,0.0,0.0,0.0,0.7,0.0,0.0,0.0,0.0,0.0,0.0,0.0,0.0,0.0,0.0,0.0,0.0,0.0,0.0,0.0,0.0,0.0,0.0,0.0,0.0,0.0,1.4,1.4,1.4,1.4,1.4,1.4,2.1,1.9
52s,0.0,0.0,0.0,0.0,0.0,0.0,1.9,0.0,0.0,0.0,0.0,0.0,0.0,0.0,0.0,0.0,0.0,0.0,0.0,0.0,0.0,0.0,0.0,0.0,0.0,0.0,0.0,0.0,2.1,2.1,2.1,2.1,1.9,1.9,3.3,0.0
42s,0.0,0.0,0.0,0.0,0.0,0.0,1.1,0.0,0.0,0.0,0.0,0.0,0.0,0.0,0.0,0.0,0.0,0.0,0.0,0.0,0.0,0.0,0.0,0.0,0.0,0.0,0.0,0.0,2.1,2.1,2.1,2.1,1.7,1.5,3.3,0.0
32s,0.0,0.0,0.0,0.0,0.0,0.0,0.7,0.0,0.0,0.0,0.0,0.0,0.0,0.0,0.0,0.0,0.0,0.0,0.0,0.0,0.0,0.0,0.0,0.0,0.0,0.0,0.0,0.0,2.0,2.1,2.1,2.0,1.4,1.4,3.0,2.2
22,0.4,0.8,1.2,1.4,1.4,3.6,3.8,0.3,0.4,0.5,0.7,0.8,0.8,0.8,0.8,1.0,1.1,1.3,1.2,1.3,1.2,0.8,1.8,1.7,2.1,1.7,1.5,1.5,2.1,2.1,2.1,2.1,2.2,3.8,3.3,0.3
